x,Ch1_1
1.0,1582.0
151.0,4446.0
377.0,1567.0
813.0,1511.0
1341.0,1550.0
1346.0,4033.0
1461.0,1989.0
1489.0,3052.0
1554.0,2892.0
1631.0,3118.0
1640.0,2503.0
1651.0,3155.0
1728.0,1552.0
2008.0,1523.0
2025.0,1912.0
2228.0,1704.0
2234.0,1972.0
2274.0,1434.0
8444.0,1424.0
8623.0,1653.0
9326.0,1699.0
9345.0,1903.0
9366.0,1372.0
9387.0,2027.0
9429.0,1679.0
9565.0,1932.0
9566.0,1404.0
9585.0,2045.0
9631.0,1717.0
9762.0,1953.0
9766.0,1400.0
9783.0,2077.0
9828.0,1763.0
9962.0,1987.0
9966.0,1394.0
9986.0,2124.0
10026.0,1776.0
10165.0,1989.0
10166.0,1456.0
10187.0,2130.0
10226.0,1812.0
10358.0,2033.0
10366.0,1415.0
10388.0,2165.0
10566.0,1478.0
10582.0,2137.0
10635.0,1791.0
10763.0,2021.0
10766.0,1476.0
10773.0,2154.0
10821.0,1817.0
10954.0,2056.0
10966.0,1413.0
10973.0,2185.0
11009.0,1839.0
11163.0,2080.0
11166.0,1449.0
11171.0,2217.0
11212.0,1841.0
11365.0,2081.0
11366.0,1455.0
11372.0,2229.0
11432.0,1829.0
11558.0,2087.0
11566.0,1464.0
11587.0,2314.0
11766.0,1612.0
11771.0,2304.0
11967.0,1659.0
11972.0,2319.0
12168.0,1481.0
12173.0,2321.0
12220.0,1888.0
12366.0,2122.0
12368.0,1474.0
12375.0,2387.0
12568.0,1438.0
12573.0,2395.0
12768.0,1489.0
12773.0,2334.0
12821.0,1882.0
12966.0,2126.0
12968.0,1482.0
12973.0,2367.0
13168.0,1549.0
13173.0,2393.0
13369.0,1719.0
13373.0,2464.0
13568.0,1632.0
13573.0,2462.0
13623.0,1884.0
13766.0,2165.0
13768.0,1395.0
13773.0,2434.0
13968.0,1439.0
13974.0,2465.0
14168.0,1488.0
14174.0,2448.0
14368.0,1516.0
14373.0,2395.0
14422.0,1900.0
14562.0,2137.0
14568.0,1439.0
14575.0,2444.0
14769.0,1643.0
14774.0,2422.0
14813.0,1886.0
14964.0,2150.0
14970.0,1498.0
14975.0,2408.0
15170.0,1608.0
15177.0,2421.0
15370.0,1426.0
15376.0,2366.0
15570.0,1560.0
15575.0,2363.0
15611.0,1887.0
15762.0,2163.0
15770.0,1434.0
15775.0,2371.0
15831.0,1864.0
15968.0,2142.0
15970.0,1507.0
15975.0,2435.0
16170.0,1538.0
16175.0,2315.0
16225.0,1855.0
16365.0,2118.0
16370.0,1448.0
16375.0,2507.0
16570.0,1426.0
16575.0,2401.0
16771.0,1640.0
16774.0,2375.0
16814.0,1880.0
16968.0,2132.0
16970.0,1430.0
16975.0,2375.0
17170.0,1644.0
17175.0,2382.0
17224.0,1846.0
17359.0,2165.0
17370.0,1421.0
17375.0,2414.0
17570.0,1642.0
17598.0,2647.0
17646.0,1428.0
17771.0,2544.0
17789.0,1445.0
17833.0,1973.0
17936.0,1592.0
17945.0,2565.0
17962.0,1452.0
18119.0,2561.0
18171.0,1438.0
18294.0,3416.0
18306.0,1431.0
18468.0,3323.0
18481.0,1441.0
18532.0,1959.0
18632.0,1670.0
18642.0,3384.0
18662.0,1425.0
18816.0,3451.0
18850.0,1422.0
18990.0,3575.0
19038.0,1425.0
19164.0,3611.0
19173.0,1446.0
19337.0,2781.0
19347.0,1423.0
19398.0,1966.0
19463.0,2133.0
19502.0,1847.0
19511.0,3079.0
19555.0,1420.0
19685.0,4433.0
19741.0,1435.0
19859.0,5597.0
19920.0,1440.0
20033.0,7301.0
20040.0,1436.0
20162.0,6806.0
20207.0,8505.0
20215.0,1449.0
20333.0,6592.0
20336.0,7977.0
20371.0,3851.0
20381.0,8930.0
20441.0,5008.0
20510.0,8708.0
20520.0,3803.0
20555.0,9119.0
20570.0,1435.0
20684.0,8989.0
20697.0,3958.0
20729.0,9536.0
20789.0,5186.0
20858.0,9411.0
20865.0,4194.0
20893.0,4778.0
20897.0,7062.0
20898.0,6558.0
20899.0,6081.0
20901.0,5682.0
20902.0,6630.0
20903.0,9792.0
20904.0,3458.0
20933.0,1432.0
20957.0,1487.0
20962.0,1452.0
20963.0,5292.0
20970.0,3930.0
20994.0,4949.0
21015.0,5316.0
21020.0,5115.0
21032.0,9673.0
21043.0,4084.0
21064.0,5076.0
21067.0,4709.0
21071.0,7375.0
21072.0,6776.0
21073.0,6310.0
21074.0,6070.0
21075.0,5844.0
21076.0,6739.0
21077.0,10145.0
21096.0,1436.0
21106.0,1481.0
21118.0,1442.0
21122.0,1485.0
21131.0,1428.0
21136.0,1472.0
21137.0,5242.0
21142.0,3908.0
21169.0,5112.0
21185.0,5300.0
21189.0,5148.0
21192.0,5383.0
21194.0,5234.0
21206.0,9907.0
21215.0,4163.0
21235.0,5117.0
21241.0,4698.0
21245.0,7468.0
21246.0,6897.0
21247.0,6466.0
21249.0,5927.0
21250.0,6985.0
21251.0,10315.0
21266.0,1468.0
21267.0,1438.0
21279.0,1482.0
21285.0,1426.0
21286.0,1478.0
21302.0,1437.0
21307.0,1485.0
21310.0,1435.0
21311.0,5533.0
21380.0,10223.0
21389.0,4329.0
21410.0,5191.0
21415.0,4728.0
21419.0,7731.0
21420.0,7030.0
21421.0,6679.0
21422.0,6336.0
21423.0,6169.0
21424.0,7022.0
21425.0,10379.0
21441.0,1471.0
21455.0,1448.0
21464.0,1489.0
21471.0,1437.0
21473.0,1482.0
21484.0,1456.0
21485.0,5494.0
21554.0,10396.0
21562.0,4499.0
21581.0,5282.0
21589.0,4720.0
21593.0,7863.0
21594.0,7215.0
21595.0,6638.0
21596.0,6493.0
21597.0,6225.0
21598.0,7231.0
21599.0,10612.0
21616.0,1471.0
21618.0,1435.0
21621.0,1481.0
21624.0,1440.0
21628.0,1478.0
21629.0,1439.0
21642.0,1473.0
21644.0,1437.0
21658.0,1454.0
21659.0,5746.0
21728.0,10507.0
21736.0,4528.0
21763.0,5179.0
21767.0,8098.0
21768.0,7416.0
21769.0,6738.0
21770.0,6635.0
21771.0,6337.0
21772.0,7316.0
21773.0,10643.0
21791.0,1454.0
21799.0,1419.0
21801.0,1470.0
21802.0,1437.0
21818.0,1475.0
21822.0,1429.0
21832.0,1466.0
21833.0,5935.0
21902.0,10893.0
21912.0,4448.0
21937.0,5219.0
21941.0,8150.0
21942.0,7527.0
21943.0,7001.0
21945.0,6417.0
21946.0,7513.0
21947.0,10816.0
21966.0,1464.0
21968.0,1430.0
21970.0,1481.0
21981.0,1426.0
21986.0,1477.0
21991.0,1435.0
21996.0,1479.0
22006.0,1442.0
22007.0,6644.0
22076.0,11052.0
22085.0,4576.0
22105.0,5388.0
22111.0,5149.0
22115.0,8315.0
22116.0,7590.0
22117.0,7041.0
22118.0,6726.0
22119.0,6498.0
22120.0,7592.0
22121.0,11028.0
22140.0,1429.0
22158.0,1497.0
22160.0,1444.0
22171.0,1476.0
22180.0,1447.0
22181.0,6003.0
22250.0,11288.0
22289.0,8312.0
22315.0,1448.0
22355.0,5849.0
22424.0,11581.0
22432.0,4753.0
22455.0,5547.0
22459.0,5175.0
22463.0,8440.0
22464.0,7773.0
22465.0,7252.0
22466.0,6997.0
22467.0,6799.0
22468.0,7816.0
22469.0,10672.0
22489.0,1474.0
22507.0,1436.0
22510.0,1478.0
22515.0,1436.0
22526.0,1484.0
22528.0,1446.0
22529.0,5910.0
22596.0,9092.0
22598.0,11696.0
22637.0,8412.0
22663.0,1448.0
22704.0,6078.0
22772.0,11880.0
22811.0,8753.0
22837.0,1473.0
22878.0,5988.0
22946.0,12028.0
22985.0,8810.0
23011.0,1472.0
23051.0,6162.0
23120.0,12280.0
23159.0,8819.0
23185.0,1448.0
23225.0,6414.0
23294.0,12541.0
23303.0,4858.0
23329.0,5710.0
23333.0,9051.0
23334.0,8305.0
23335.0,7675.0
23336.0,7247.0
23337.0,6893.0
23338.0,8144.0
23339.0,11545.0
23359.0,1461.0
23364.0,1432.0
23373.0,1473.0
23375.0,1436.0
23379.0,1471.0
23386.0,1430.0
23399.0,1462.0
23400.0,6186.0
23468.0,12390.0
23507.0,9126.0
23534.0,1434.0
23573.0,6886.0
23642.0,12731.0
23650.0,5050.0
23677.0,5734.0
23681.0,9113.0
23682.0,8261.0
23683.0,7753.0
23684.0,7392.0
23685.0,7089.0
23686.0,8259.0
23687.0,11147.0
23706.0,1480.0
23712.0,1426.0
23723.0,1483.0
23748.0,1421.0
23749.0,6516.0
23816.0,12798.0
23855.0,9202.0
23880.0,1436.0
23923.0,6558.0
23990.0,12805.0
24029.0,9292.0
24030.0,8396.0
24031.0,7807.0
24032.0,7560.0
24033.0,7148.0
24034.0,8524.0
24053.0,1456.0
24065.0,1485.0
24076.0,1446.0
24077.0,1482.0
24079.0,1418.0
24094.0,1461.0
24095.0,7536.0
24164.0,13303.0
24203.0,9373.0
24204.0,8476.0
24205.0,7907.0
24206.0,7616.0
24207.0,7156.0
24208.0,8589.0
24227.0,1461.0
24236.0,1436.0
24242.0,1476.0
24244.0,1434.0
24259.0,1474.0
24264.0,1434.0
24268.0,1470.0
24269.0,7642.0
24336.0,10191.0
24338.0,13236.0
24377.0,9722.0
24401.0,1444.0
24444.0,7733.0
24510.0,10267.0
24512.0,13218.0
24551.0,9604.0
24552.0,8804.0
24553.0,8085.0
24554.0,7673.0
24555.0,7268.0
24556.0,8646.0
24575.0,1453.0
24589.0,1481.0
24592.0,1437.0
24598.0,1475.0
24615.0,1428.0
24617.0,1469.0
24618.0,8114.0
24684.0,10348.0
24686.0,13354.0
24725.0,9621.0
24748.0,1440.0
24792.0,8366.0
24860.0,13596.0
24899.0,9798.0
24900.0,8931.0
24901.0,8198.0
24902.0,7994.0
24903.0,7433.0
24904.0,8839.0
24922.0,1437.0
24924.0,1482.0
24928.0,1441.0
24930.0,1479.0
24947.0,1439.0
24951.0,1474.0
24954.0,1429.0
24964.0,1477.0
24965.0,8568.0
25034.0,13631.0
25073.0,9873.0
25096.0,1440.0
25140.0,8869.0
25208.0,13892.0
25247.0,9915.0
25248.0,8958.0
25249.0,8314.0
25250.0,8212.0
25251.0,7499.0
25252.0,8908.0
25271.0,1440.0
25273.0,1483.0
25279.0,1415.0
25280.0,1479.0
25282.0,1436.0
25300.0,1478.0
25310.0,1426.0
25313.0,1465.0
25314.0,8714.0
25382.0,13961.0
25421.0,9968.0
25422.0,9301.0
25423.0,8409.0
25424.0,8158.0
25425.0,7674.0
25426.0,9188.0
25444.0,1431.0
25457.0,1482.0
25484.0,1434.0
25487.0,9357.0
25555.0,14088.0
25565.0,5297.0
25591.0,6637.0
25594.0,10181.0
25595.0,9235.0
25596.0,8606.0
25597.0,8300.0
25598.0,7919.0
25599.0,9212.0
25600.0,10907.0
25601.0,5532.0
25602.0,5118.0
25603.0,4241.0
25604.0,5640.0
25617.0,1429.0
25621.0,1463.0
25623.0,1433.0
25636.0,1465.0
25644.0,1436.0
25646.0,1479.0
25656.0,1418.0
25659.0,1455.0
25661.0,9050.0
25729.0,14045.0
25768.0,10349.0
25769.0,9384.0
25770.0,8528.0
25771.0,8220.0
25772.0,7814.0
25773.0,9236.0
25791.0,1469.0
25796.0,1421.0
25806.0,1481.0
25819.0,1435.0
25830.0,1470.0
25831.0,1424.0
25835.0,9448.0
25890.0,7048.0
25901.0,11305.0
25903.0,14424.0
25942.0,10470.0
25943.0,9585.0
25944.0,8766.0
25945.0,8352.0
25946.0,7820.0
25947.0,9221.0
25949.0,5748.0
25950.0,5214.0
25951.0,4335.0
25952.0,5784.0
25965.0,1450.0
25972.0,1476.0
25976.0,1426.0
25986.0,1488.0
25990.0,1442.0
25999.0,1480.0
26007.0,1445.0
26008.0,11164.0
26065.0,7193.0
26077.0,14512.0
26116.0,10664.0
26123.0,5746.0
26124.0,5267.0
26125.0,4406.0
26126.0,5892.0
26139.0,1445.0
26153.0,1479.0
26157.0,1443.0
26158.0,1490.0
26163.0,1446.0
26171.0,1472.0
26181.0,1448.0
26182.0,10316.0
26189.0,6077.0
26249.0,11372.0
26251.0,14741.0
26290.0,10591.0
26291.0,9756.0
26292.0,8932.0
26293.0,8590.0
26294.0,8154.0
26295.0,9638.0
26297.0,5724.0
26298.0,5355.0
26299.0,4371.0
26300.0,5918.0
26313.0,1458.0
26330.0,1482.0
26331.0,1447.0
26340.0,1480.0
26341.0,1449.0
26344.0,1488.0
26356.0,1445.0
26357.0,10473.0
26365.0,6204.0
26423.0,11502.0
26425.0,14886.0
26464.0,10833.0
26465.0,9820.0
26466.0,9062.0
26467.0,8754.0
26468.0,8265.0
26469.0,9762.0
26471.0,5880.0
26472.0,5352.0
26473.0,4497.0
26474.0,6040.0
26487.0,1461.0
26494.0,1434.0
26499.0,1482.0
26500.0,1440.0
26501.0,1479.0
26503.0,1426.0
26521.0,1490.0
26529.0,1457.0
26530.0,10543.0
26539.0,6309.0
26596.0,11656.0
26599.0,14691.0
26638.0,10646.0
26639.0,9925.0
26640.0,9066.0
26641.0,8707.0
26642.0,8297.0
26643.0,9836.0
26645.0,5786.0
26646.0,5474.0
26647.0,4487.0
26648.0,6085.0
26661.0,1440.0
26669.0,1482.0
26678.0,1430.0
26682.0,1489.0
26693.0,1435.0
26703.0,1458.0
26704.0,10800.0
26713.0,6280.0
26771.0,11684.0
26773.0,15178.0
26812.0,10886.0
26813.0,10382.0
26814.0,9144.0
26815.0,8950.0
26816.0,8375.0
26817.0,9814.0
26818.0,13196.0
26819.0,6082.0
26820.0,5648.0
26821.0,4528.0
26822.0,6110.0
26835.0,1445.0
26836.0,1474.0
26839.0,1421.0
26842.0,1472.0
26845.0,1432.0
26856.0,1474.0
26861.0,1439.0
26863.0,1470.0
26877.0,1445.0
26878.0,11421.0
26885.0,6393.0
26945.0,11958.0
26947.0,14853.0
26958.0,5598.0
26983.0,7100.0
26986.0,11169.0
26987.0,10434.0
26988.0,9376.0
26990.0,8657.0
26991.0,9930.0
26992.0,13390.0
26994.0,5763.0
26995.0,4600.0
26996.0,6123.0
27010.0,1450.0
27015.0,1475.0
27030.0,1437.0
27033.0,1471.0
27036.0,1428.0
27037.0,1486.0
27051.0,1455.0
27052.0,11418.0
27121.0,15015.0
27160.0,11182.0
27161.0,10473.0
27162.0,9375.0
27163.0,9115.0
27164.0,8573.0
27165.0,10081.0
27167.0,6043.0
27168.0,5547.0
27169.0,4501.0
27170.0,6269.0
27183.0,1454.0
27196.0,1433.0
27199.0,1469.0
27203.0,1436.0
27205.0,1477.0
27209.0,1445.0
27210.0,1496.0
27225.0,1444.0
27226.0,11736.0
27282.0,7465.0
27295.0,15116.0
27334.0,11145.0
27335.0,10574.0
27336.0,9571.0
27337.0,9341.0
27338.0,8643.0
27339.0,10259.0
27341.0,6056.0
27342.0,5785.0
27343.0,4530.0
27344.0,6295.0
27357.0,1449.0
27367.0,1466.0
27373.0,1435.0
27377.0,1479.0
27384.0,1431.0
27386.0,1490.0
27387.0,1431.0
27399.0,1472.0
27400.0,13381.0
27407.0,6750.0
27467.0,12365.0
27469.0,15448.0
27508.0,11464.0
27509.0,10952.0
27510.0,9712.0
27511.0,9342.0
27512.0,8654.0
27513.0,10417.0
27515.0,6208.0
27516.0,5628.0
27517.0,4645.0
27518.0,6424.0
27531.0,1429.0
27540.0,1476.0
27563.0,1420.0
27574.0,1455.0
27575.0,12008.0
27643.0,15696.0
27682.0,11606.0
27683.0,11085.0
27684.0,9817.0
27685.0,9421.0
27686.0,8811.0
27687.0,10430.0
27689.0,6306.0
27690.0,5677.0
27691.0,4788.0
27692.0,6522.0
27705.0,1426.0
27726.0,1486.0
27747.0,1443.0
27748.0,12339.0
27802.0,7704.0
27817.0,15872.0
27856.0,11622.0
27857.0,11074.0
27858.0,9892.0
27859.0,9514.0
27860.0,9231.0
27861.0,10416.0
27862.0,13905.0
27863.0,6407.0
27864.0,6002.0
27865.0,4807.0
27866.0,6225.0
27867.0,6435.0
27923.0,12320.0
27931.0,6926.0
27962.0,7948.0
27978.0,7680.0
27989.0,12764.0
27990.0,11190.0
27991.0,15542.0
28004.0,5862.0
28027.0,7286.0
28030.0,11828.0
28031.0,11440.0
28032.0,10113.0
28033.0,9712.0
28035.0,8723.0
28036.0,8197.0
28037.0,9588.0
28038.0,12770.0
28039.0,5994.0
28040.0,5697.0
28041.0,4618.0
28042.0,6221.0
28043.0,6298.0
28100.0,12768.0
28154.0,7693.0
28167.0,16030.0
28206.0,11815.0
28207.0,11570.0
28208.0,10150.0
28209.0,9717.0
28210.0,9153.0
28211.0,10593.0
28212.0,13179.0
28214.0,6083.0
28215.0,4820.0
28216.0,6465.0
28230.0,1447.0
28238.0,1478.0
28251.0,1437.0
28253.0,1479.0
28259.0,1444.0
28262.0,1478.0
28271.0,1426.0
28272.0,13000.0
28328.0,7663.0
28341.0,16231.0
28380.0,12031.0
28381.0,11619.0
28382.0,10342.0
28383.0,9835.0
28384.0,9343.0
28385.0,10723.0
28387.0,6481.0
28388.0,5918.0
28389.0,4870.0
28390.0,6846.0
28404.0,1469.0
28422.0,1443.0
28428.0,1476.0
28435.0,1430.0
28446.0,1465.0
28447.0,13385.0
28457.0,7242.0
28513.0,13033.0
28515.0,16222.0
28554.0,12219.0
28555.0,12034.0
28556.0,10968.0
28557.0,10124.0
28558.0,9495.0
28559.0,10981.0
28560.0,14438.0
28561.0,6596.0
28562.0,6123.0
28563.0,4979.0
28564.0,6688.0
28579.0,1462.0
28597.0,1421.0
28606.0,1485.0
28619.0,1452.0
28620.0,14012.0
28674.0,7723.0
28689.0,16533.0
28728.0,12161.0
28730.0,11165.0
28731.0,10235.0
28732.0,9640.0
28733.0,11092.0
28735.0,6643.0
28736.0,6044.0
28737.0,4921.0
28738.0,6805.0
28753.0,1458.0
28767.0,1474.0
28769.0,1438.0
28777.0,1477.0
28779.0,1425.0
28789.0,1473.0
28790.0,1426.0
28792.0,1495.0
28793.0,1457.0
28794.0,13947.0
28851.0,7821.0
28863.0,16552.0
28903.0,12229.0
28904.0,11153.0
28905.0,10295.0
28906.0,9657.0
28907.0,11239.0
28909.0,6789.0
28910.0,6084.0
28911.0,4953.0
28912.0,6796.0
28926.0,1442.0
28938.0,1477.0
28944.0,1441.0
28946.0,1483.0
28947.0,1439.0
28964.0,1470.0
28966.0,1438.0
28967.0,1480.0
28968.0,14201.0
29021.0,7859.0
29036.0,16544.0
29076.0,12486.0
29077.0,11400.0
29078.0,10499.0
29079.0,9769.0
29080.0,11421.0
29082.0,6840.0
29083.0,6162.0
29084.0,5063.0
29085.0,6883.0
29099.0,1462.0
29105.0,1483.0
29118.0,1440.0
29119.0,1478.0
29122.0,1437.0
29124.0,1488.0
29139.0,1424.0
29140.0,1460.0
29141.0,14484.0
29151.0,7486.0
29208.0,13895.0
29210.0,16821.0
29224.0,6448.0
29241.0,8277.0
29246.0,7560.0
29250.0,12587.0
29251.0,11542.0
29252.0,10588.0
29253.0,9867.0
29254.0,11417.0
29255.0,14170.0
29256.0,6851.0
29257.0,6230.0
29258.0,5050.0
29259.0,6917.0
29274.0,1464.0
29277.0,1434.0
29283.0,1473.0
29284.0,1444.0
29294.0,1470.0
29315.0,1438.0
29316.0,14313.0
29324.0,7482.0
29382.0,13846.0
29384.0,16970.0
29397.0,6601.0
29416.0,8380.0
29420.0,7590.0
29424.0,12517.0
29425.0,11585.0
29426.0,10591.0
29427.0,9980.0
29428.0,11348.0
29429.0,14833.0
29430.0,7036.0
29431.0,6379.0
29432.0,5057.0
29433.0,7010.0
29448.0,1464.0
29449.0,1425.0
29455.0,1476.0
29457.0,1437.0
29467.0,1474.0
29474.0,1430.0
29477.0,1465.0
29488.0,1440.0
29489.0,14943.0
29501.0,7506.0
29556.0,14232.0
29558.0,16804.0
29598.0,12974.0
29599.0,12152.0
29600.0,10727.0
29601.0,9931.0
29602.0,11454.0
29604.0,6998.0
29605.0,6180.0
29606.0,5141.0
29607.0,7194.0
29623.0,1454.0
29641.0,1494.0
29662.0,1432.0
29663.0,14647.0
29718.0,8111.0
29732.0,17051.0
29772.0,12921.0
29773.0,12084.0
29774.0,10848.0
29775.0,10102.0
29776.0,11574.0
29778.0,7027.0
29779.0,6244.0
29780.0,5127.0
29781.0,7223.0
29796.0,1452.0
29799.0,1476.0
29808.0,1440.0
29809.0,1471.0
29815.0,1435.0
29818.0,1480.0
29819.0,1418.0
29834.0,1478.0
29837.0,1438.0
29838.0,14469.0
29892.0,8315.0
29906.0,17089.0
29920.0,6874.0
29937.0,8561.0
29942.0,7718.0
29946.0,13184.0
29947.0,12234.0
29948.0,10930.0
29949.0,10200.0
29950.0,11882.0
29951.0,15070.0
29952.0,7007.0
29953.0,6420.0
29954.0,5091.0
29955.0,6319.0
29956.0,6987.0
29970.0,1445.0
29974.0,1415.0
29998.0,1477.0
30010.0,1443.0
30011.0,15264.0
30067.0,8391.0
30080.0,17123.0
30095.0,6789.0
30109.0,8558.0
30116.0,7905.0
30120.0,13391.0
30121.0,12358.0
30122.0,11230.0
30123.0,10460.0
30124.0,11957.0
30125.0,15394.0
30126.0,7237.0
30127.0,6450.0
30128.0,5189.0
30129.0,6981.0
30130.0,7018.0
30186.0,13984.0
30241.0,8392.0
30254.0,17345.0
30294.0,13241.0
30295.0,12569.0
30296.0,11260.0
30297.0,10483.0
30298.0,11946.0
30300.0,7269.0
30301.0,6288.0
30302.0,5256.0
30303.0,7243.0
30317.0,1437.0
30324.0,1482.0
30329.0,1427.0
30335.0,1469.0
30344.0,1421.0
30358.0,1456.0
30359.0,16275.0
30367.0,7845.0
30426.0,14782.0
30428.0,17375.0
30468.0,13584.0
30469.0,12657.0
30470.0,11455.0
30471.0,10538.0
30472.0,12205.0
30473.0,12495.0
30474.0,7270.0
30475.0,6490.0
30476.0,5316.0
30477.0,7104.0
30478.0,7201.0
30534.0,16560.0
30542.0,7873.0
30599.0,15017.0
30600.0,14800.0
30601.0,13491.0
30602.0,17354.0
30617.0,7111.0
30633.0,8926.0
30638.0,8032.0
30642.0,13839.0
30643.0,13015.0
30644.0,11553.0
30645.0,10734.0
30646.0,12236.0
30647.0,15769.0
30648.0,7387.0
30649.0,6627.0
30650.0,5401.0
30651.0,6682.0
30652.0,7212.0
30666.0,1472.0
30673.0,1430.0
30685.0,1481.0
30706.0,1438.0
30707.0,16149.0
30758.0,8560.0
30775.0,17737.0
30815.0,13583.0
30816.0,12968.0
30817.0,11713.0
30818.0,10729.0
30819.0,12334.0
30820.0,15744.0
30821.0,7371.0
30822.0,6712.0
30823.0,5260.0
30824.0,5575.0
30825.0,7241.0
30840.0,1472.0
30860.0,1427.0
30873.0,1467.0
30874.0,1424.0
30879.0,1468.0
30880.0,17081.0
30891.0,8014.0
30947.0,15289.0
30949.0,17762.0
30989.0,13844.0
30990.0,13309.0
30991.0,11740.0
30992.0,11064.0
30993.0,12381.0
30994.0,14885.0
30995.0,7364.0
30996.0,6665.0
30997.0,5454.0
30998.0,7190.0
30999.0,7378.0
31058.0,16206.0
31067.0,7853.0
31121.0,15387.0
31123.0,17910.0
31163.0,14151.0
31164.0,13525.0
31165.0,11938.0
31166.0,11036.0
31167.0,12744.0
31169.0,7342.0
31170.0,6624.0
31171.0,5435.0
31172.0,7290.0
31173.0,7382.0
31229.0,17054.0
31243.0,8034.0
31294.0,15607.0
31295.0,15439.0
31296.0,14092.0
31297.0,17998.0
31313.0,7434.0
31330.0,9234.0
31333.0,7971.0
31337.0,14067.0
31338.0,13351.0
31339.0,11993.0
31340.0,11185.0
31341.0,12704.0
31343.0,7345.0
31344.0,6701.0
31345.0,5415.0
31346.0,7324.0
31362.0,1433.0
31366.0,1469.0
31374.0,1418.0
31389.0,1477.0
31403.0,1446.0
31404.0,16571.0
31418.0,8036.0
31468.0,15727.0
31469.0,15395.0
31470.0,14011.0
31471.0,18013.0
31486.0,7555.0
31504.0,9297.0
31507.0,8107.0
31511.0,14100.0
31512.0,13523.0
31513.0,12127.0
31514.0,11299.0
31515.0,12900.0
31516.0,15976.0
31517.0,7545.0
31518.0,6903.0
31519.0,5494.0
31520.0,7313.0
31521.0,7395.0
31577.0,15692.0
31593.0,8141.0
31641.0,15876.0
31643.0,15713.0
31644.0,14471.0
31645.0,18104.0
31661.0,7476.0
31679.0,9441.0
31681.0,8205.0
31685.0,14326.0
31686.0,13817.0
31687.0,12542.0
31688.0,11476.0
31689.0,13013.0
31691.0,7532.0
31692.0,6737.0
31693.0,5561.0
31694.0,7576.0
31709.0,1459.0
31720.0,1419.0
31726.0,1476.0
31747.0,1425.0
31751.0,1466.0
31752.0,17560.0
31761.0,8164.0
31807.0,9216.0
31817.0,16189.0
31818.0,14240.0
31819.0,18316.0
31831.0,8216.0
31841.0,7434.0
31852.0,9431.0
31854.0,9468.0
31855.0,8048.0
31856.0,9682.0
31859.0,14336.0
31860.0,13828.0
31861.0,12733.0
31862.0,11538.0
31863.0,13019.0
31864.0,16137.0
31866.0,7024.0
31867.0,5646.0
31868.0,7343.0
31869.0,7389.0
31925.0,18316.0
31938.0,8191.0
31989.0,16231.0
31991.0,16175.0
31992.0,14574.0
31993.0,18215.0
32005.0,8478.0
32015.0,7434.0
32027.0,9619.0
32028.0,9563.0
32029.0,8159.0
32030.0,9887.0
32033.0,14436.0
32034.0,14134.0
32035.0,12788.0
32036.0,11715.0
32037.0,13304.0
32039.0,7644.0
32040.0,6778.0
32041.0,5724.0
32042.0,7762.0
32057.0,1472.0
32069.0,1436.0
32085.0,1478.0
32091.0,1426.0
32097.0,1463.0
32098.0,18405.0
32110.0,8356.0
32164.0,16203.0
32167.0,18313.0
32207.0,14612.0
32208.0,14175.0
32209.0,12912.0
32210.0,11787.0
32211.0,13308.0
32213.0,7566.0
32214.0,6825.0
32215.0,5793.0
32216.0,7789.0
32219.0,5940.0
32275.0,18103.0
32286.0,8316.0
32337.0,16525.0
32340.0,18387.0
32351.0,8767.0
32363.0,7762.0
32375.0,9657.0
32376.0,8292.0
32377.0,9822.0
32380.0,14680.0
32381.0,14293.0
32382.0,13064.0
32383.0,12069.0
32384.0,13486.0
32385.0,15616.0
32387.0,7227.0
32388.0,5672.0
32389.0,7605.0
32404.0,1468.0
32410.0,1426.0
32419.0,1476.0
32427.0,1448.0
32446.0,16955.0
32456.0,8378.0
32511.0,16674.0
32514.0,18636.0
32548.0,9687.0
32549.0,9683.0
32550.0,8336.0
32551.0,9996.0
32554.0,14719.0
32555.0,14369.0
32556.0,13131.0
32557.0,12189.0
32558.0,13592.0
32560.0,7816.0
32561.0,7026.0
32562.0,5757.0
32563.0,7769.0
32567.0,5530.0
32621.0,18333.0
32654.0,9363.0
32685.0,16848.0
32688.0,18717.0
32702.0,8300.0
32711.0,7720.0
32723.0,9862.0
32724.0,8457.0
32725.0,10243.0
32728.0,15022.0
32730.0,13525.0
32731.0,12251.0
32732.0,13884.0
32734.0,8017.0
32735.0,7050.0
32736.0,5918.0
32737.0,7895.0
32752.0,1465.0
32770.0,1434.0
32775.0,1471.0
32794.0,17264.0
32805.0,8586.0
32860.0,16705.0
32862.0,18479.0
32902.0,14814.0
32903.0,14655.0
32904.0,13512.0
32905.0,12400.0
32906.0,13958.0
32908.0,7927.0
32909.0,7148.0
32910.0,5892.0
32911.0,8000.0
32915.0,5609.0
32969.0,19662.0
33002.0,9437.0
33032.0,17366.0
33034.0,17013.0
33035.0,15262.0
33036.0,18560.0
33048.0,9047.0
33058.0,7832.0
33070.0,9868.0
33071.0,9827.0
33072.0,8336.0
33073.0,9907.0
33076.0,14964.0
33078.0,13559.0
33079.0,12241.0
33080.0,13676.0
33083.0,7354.0
33084.0,5820.0
33085.0,7844.0
33089.0,5597.0
33142.0,18518.0
33176.0,9620.0
33207.0,17281.0
33208.0,17117.0
33209.0,15151.0
33210.0,18824.0
33224.0,8578.0
33231.0,7894.0
33240.0,8370.0
33245.0,10022.0
33246.0,8503.0
33247.0,10310.0
33250.0,15128.0
33251.0,15044.0
33252.0,13861.0
33253.0,12498.0
33254.0,13956.0
33255.0,17164.0
33257.0,7526.0
33258.0,5830.0
33259.0,7638.0
33274.0,1464.0
33286.0,1448.0
33287.0,1490.0
33290.0,1430.0
33297.0,1458.0
33316.0,17718.0
33325.0,8682.0
33379.0,17449.0
33381.0,17612.0
33382.0,17251.0
33383.0,14861.0
33384.0,18928.0
33397.0,8976.0
33411.0,8154.0
33418.0,9918.0
33419.0,9912.0
33420.0,8422.0
33421.0,10216.0
33424.0,14984.0
33426.0,13830.0
33427.0,12458.0
33428.0,14102.0
33431.0,7512.0
33432.0,5880.0
33433.0,7817.0
33437.0,5568.0
33491.0,19413.0
33524.0,9732.0
33554.0,17577.0
33556.0,17546.0
33557.0,15268.0
33558.0,18726.0
33571.0,8977.0
33582.0,7972.0
33593.0,10041.0
33594.0,8466.0
33595.0,10193.0
33599.0,15253.0
33600.0,13986.0
33601.0,12783.0
33602.0,14223.0
33605.0,7446.0
33606.0,5865.0
33607.0,7833.0
33610.0,6152.0
33663.0,20579.0
33697.0,9745.0
33728.0,17461.0
33730.0,17286.0
33731.0,15515.0
33732.0,18628.0
33743.0,9442.0
33755.0,8039.0
33767.0,9998.0
33768.0,8639.0
33769.0,10239.0
33773.0,15447.0
33774.0,14190.0
33775.0,12836.0
33776.0,14441.0
33779.0,7614.0
33780.0,6086.0
33781.0,8047.0
33785.0,5593.0
33839.0,19916.0
33872.0,9844.0
33903.0,17868.0
33904.0,17714.0
33905.0,15848.0
33906.0,18744.0
33918.0,9359.0
33930.0,8168.0
33941.0,10155.0
33942.0,8526.0
33943.0,10212.0
33947.0,15491.0
33950.0,14399.0
33952.0,8374.0
33953.0,7359.0
33954.0,6117.0
33955.0,8156.0
33959.0,5668.0
34012.0,19284.0
34046.0,9887.0
34077.0,17552.0
34080.0,18918.0
34094.0,8888.0
34103.0,8240.0
34111.0,8588.0
34115.0,10172.0
34116.0,8544.0
34117.0,10300.0
34121.0,15606.0
34122.0,14341.0
34123.0,12935.0
34124.0,14445.0
34126.0,8353.0
34127.0,7491.0
34128.0,6090.0
34129.0,8101.0
34133.0,5682.0
34187.0,21034.0
34220.0,10083.0
34250.0,17889.0
34252.0,17726.0
34253.0,16377.0
34254.0,18831.0
34265.0,9802.0
34277.0,8267.0
34288.0,10170.0
34289.0,10150.0
34290.0,8576.0
34291.0,10313.0
34295.0,15605.0
34298.0,14379.0
34300.0,8466.0
34301.0,7577.0
34302.0,6165.0
34303.0,8139.0
34307.0,5655.0
34361.0,21244.0
34394.0,10099.0
34424.0,17788.0
34426.0,17458.0
34427.0,16122.0
34428.0,18833.0
34441.0,9256.0
34449.0,8468.0
34458.0,8795.0
34459.0,8604.0
34463.0,10395.0
34464.0,8611.0
34465.0,10195.0
34469.0,15662.0
34470.0,14697.0
34471.0,13113.0
34472.0,14503.0
34474.0,8536.0
34475.0,7425.0
34476.0,6094.0
34477.0,8381.0
34481.0,5586.0
34534.0,20986.0
34568.0,10208.0
34598.0,17930.0
34600.0,17945.0
34601.0,16296.0
34602.0,18883.0
34616.0,9115.0
34625.0,8282.0
34633.0,8606.0
34637.0,10358.0
34638.0,8639.0
34639.0,10209.0
34643.0,15876.0
34644.0,14384.0
34645.0,13171.0
34646.0,14687.0
34648.0,8558.0
34649.0,7662.0
34650.0,6145.0
34651.0,8359.0
34656.0,5237.0
34710.0,21936.0
34741.0,10060.0
34773.0,18353.0
34774.0,18133.0
34775.0,15891.0
34776.0,18967.0
34788.0,9695.0
34802.0,8533.0
34811.0,10506.0
34812.0,8824.0
34813.0,10527.0
34817.0,16097.0
34818.0,14867.0
34819.0,13481.0
34820.0,14851.0
34822.0,8732.0
34823.0,7737.0
34824.0,6383.0
34825.0,8324.0
34839.0,1442.0
34846.0,1473.0
34848.0,1423.0
34863.0,1462.0
34905.0,18212.0
34913.0,8752.0
34947.0,17943.0
34948.0,17734.0
34949.0,15924.0
34950.0,19307.0
34963.0,9333.0
34974.0,8436.0
34985.0,10527.0
34986.0,8580.0
34987.0,10348.0
34990.0,15817.0
34992.0,14727.0
34993.0,13213.0
34994.0,14767.0
34996.0,8545.0
34997.0,7616.0
34998.0,6255.0
34999.0,8337.0
35006.0,4460.0
35062.0,19526.0
35091.0,10200.0
35120.0,18515.0
35122.0,18152.0
35123.0,16027.0
35124.0,19034.0
35137.0,9306.0
35144.0,8492.0
35152.0,8784.0
35158.0,10557.0
35159.0,8756.0
35160.0,10483.0
35164.0,15976.0
35167.0,14823.0
35170.0,7967.0
35171.0,6332.0
35172.0,8296.0
35179.0,4680.0
35234.0,22248.0
35263.0,10361.0
35293.0,18728.0
35294.0,18637.0
35295.0,18731.0
35296.0,16947.0
35297.0,19523.0
35310.0,9550.0
35318.0,8698.0
35327.0,9117.0
35328.0,8873.0
35332.0,10654.0
35333.0,8752.0
35334.0,10517.0
35338.0,16112.0
35339.0,14958.0
35340.0,13729.0
35341.0,15169.0
35342.0,16073.0
35344.0,8046.0
35345.0,6407.0
35346.0,8426.0
35353.0,4859.0
35409.0,21039.0
35438.0,10233.0
35468.0,18626.0
35469.0,18487.0
35470.0,16489.0
35471.0,19057.0
35472.0,19104.0
35485.0,9423.0
35499.0,8840.0
35506.0,10776.0
35507.0,9024.0
35508.0,10429.0
35512.0,16149.0
35513.0,15008.0
35514.0,13586.0
35515.0,15272.0
35518.0,7970.0
35519.0,6370.0
35520.0,8256.0
35524.0,5861.0
35577.0,21197.0
35608.0,10394.0
35640.0,18649.0
35642.0,18574.0
35643.0,18477.0
35644.0,16747.0
35645.0,19117.0
35658.0,9690.0
35670.0,8623.0
35680.0,10572.0
35681.0,8649.0
35682.0,10375.0
35686.0,16277.0
35687.0,15048.0
35688.0,13648.0
35689.0,15077.0
35692.0,7986.0
35693.0,6357.0
35694.0,8467.0
35698.0,5799.0
35751.0,20293.0
35783.0,10555.0
35815.0,19060.0
35817.0,18950.0
35818.0,15904.0
35819.0,19243.0
35835.0,9126.0
35843.0,8732.0
35851.0,9064.0
35854.0,10670.0
35855.0,9020.0
35856.0,10544.0
35860.0,16711.0
35861.0,15158.0
35862.0,13896.0
35863.0,15310.0
35865.0,8826.0
35866.0,7967.0
35867.0,6467.0
35868.0,8513.0
35874.0,5119.0
35930.0,20545.0
35959.0,10432.0
35989.0,18927.0
35991.0,18643.0
35992.0,17226.0
35993.0,19154.0
35994.0,19184.0
36005.0,10136.0
36021.0,8878.0
36028.0,10602.0
36029.0,8667.0
36030.0,10484.0
36034.0,16484.0
36035.0,15168.0
36036.0,13763.0
36037.0,15215.0
36039.0,8897.0
36040.0,7965.0
36041.0,6535.0
36042.0,8568.0
36046.0,5781.0
36099.0,22789.0
36131.0,10580.0
36163.0,18978.0
36165.0,18838.0
36166.0,16464.0
36167.0,19367.0
36180.0,9922.0
36198.0,9013.0
36202.0,10695.0
36203.0,8762.0
36204.0,10494.0
36208.0,16667.0
36209.0,15231.0
36210.0,13968.0
36211.0,15418.0
36213.0,9052.0
36214.0,7934.0
36215.0,6537.0
36216.0,8698.0
36224.0,4476.0
36282.0,19652.0
36309.0,10348.0
36337.0,18858.0
36338.0,18702.0
36339.0,18735.0
36340.0,16720.0
36341.0,19429.0
36354.0,9928.0
36371.0,8990.0
36376.0,10715.0
36377.0,8936.0
36378.0,10771.0
36382.0,16716.0
36383.0,15311.0
36384.0,13778.0
36385.0,15362.0
36388.0,8200.0
36389.0,6538.0
36390.0,8518.0
36395.0,5490.0
36450.0,20255.0
36480.0,10512.0
36511.0,19202.0
36513.0,19002.0
36514.0,17248.0
36515.0,19385.0
36530.0,9557.0
36537.0,8963.0
36547.0,9102.0
36550.0,10775.0
36551.0,8770.0
36552.0,10567.0
36556.0,16562.0
36557.0,15575.0
36558.0,14031.0
36559.0,15608.0
36561.0,9097.0
36562.0,8074.0
36563.0,6605.0
36564.0,8782.0
36569.0,5406.0
36623.0,20644.0
36654.0,10615.0
36686.0,19132.0
36687.0,18749.0
36688.0,16865.0
36689.0,19247.0
36701.0,10284.0
36720.0,9059.0
36724.0,10801.0
36725.0,8830.0
36726.0,10591.0
36730.0,16827.0
36731.0,15504.0
36732.0,13989.0
36733.0,15575.0
36735.0,9079.0
36736.0,7923.0
36737.0,6587.0
36738.0,8902.0
36743.0,5420.0
36797.0,22949.0
36829.0,10797.0
36843.0,11240.0
36852.0,11033.0
36861.0,19268.0
36862.0,17649.0
36863.0,19427.0
36877.0,9809.0
36889.0,8985.0
36898.0,10744.0
36899.0,8864.0
36900.0,10667.0
36904.0,17026.0
36905.0,15777.0
36906.0,14026.0
36907.0,15572.0
36909.0,9048.0
36910.0,8045.0
36911.0,6597.0
36912.0,8816.0
36917.0,5441.0
36972.0,22720.0
37003.0,10737.0
37034.0,19317.0
37035.0,19266.0
37036.0,17131.0
37037.0,19392.0
37038.0,19407.0
37052.0,9666.0
37069.0,9159.0
37072.0,10876.0
37073.0,8851.0
37074.0,10580.0
37078.0,16878.0
37081.0,15508.0
37083.0,9162.0
37084.0,7939.0
37085.0,6742.0
37086.0,8779.0
37096.0,3757.0
37154.0,22430.0
37179.0,10417.0
37205.0,18567.0
37206.0,18539.0
37207.0,18888.0
37208.0,18818.0
37209.0,17086.0
37210.0,19393.0
37224.0,9896.0
37241.0,9203.0
37245.0,10864.0
37246.0,8802.0
37247.0,10627.0
37251.0,16959.0
37252.0,15602.0
37253.0,13993.0
37254.0,15602.0
37256.0,9216.0
37257.0,8213.0
37258.0,6667.0
37259.0,8956.0
37264.0,5453.0
37318.0,20967.0
37348.0,10940.0
37379.0,19355.0
37380.0,19303.0
37381.0,19496.0
37382.0,19455.0
37383.0,16590.0
37384.0,19605.0
37397.0,10202.0
37415.0,9236.0
37419.0,10928.0
37420.0,8994.0
37421.0,10799.0
37425.0,17193.0
37426.0,15774.0
37427.0,14398.0
37428.0,15896.0
37430.0,9146.0
37431.0,8329.0
37432.0,6802.0
37433.0,9053.0
37442.0,4197.0
37501.0,22542.0
37528.0,10858.0
37555.0,19308.0
37556.0,19248.0
37557.0,16788.0
37558.0,19568.0
37571.0,10051.0
37589.0,9312.0
37593.0,10974.0
37594.0,8948.0
37595.0,10658.0
37599.0,17211.0
37600.0,15782.0
37601.0,14289.0
37602.0,15940.0
37604.0,9151.0
37605.0,8253.0
37606.0,6710.0
37607.0,8978.0
37613.0,5140.0
37669.0,21212.0
37698.0,10914.0
37728.0,19468.0
37730.0,19293.0
37731.0,17593.0
37732.0,19485.0
37733.0,19512.0
37745.0,10450.0
37756.0,9067.0
37767.0,10955.0
37768.0,8811.0
37769.0,10682.0
37773.0,17336.0
37776.0,15821.0
37778.0,9408.0
37779.0,8310.0
37780.0,6668.0
37781.0,9032.0
37785.0,6064.0
37838.0,22348.0
37870.0,10921.0
37902.0,19848.0
37904.0,19614.0
37905.0,17461.0
37906.0,19824.0
37919.0,10419.0
37937.0,9289.0
37941.0,10956.0
37942.0,9134.0
37943.0,10858.0
37947.0,17392.0
37948.0,16031.0
37949.0,14485.0
37950.0,15944.0
37953.0,8468.0
37954.0,6802.0
37955.0,9011.0
37959.0,6012.0
38012.0,24766.0
38044.0,10998.0
38077.0,19684.0
38078.0,19387.0
38079.0,17447.0
38080.0,19827.0
38084.0,15768.0
38087.0,13338.0
38090.0,11523.0
38093.0,10336.0
38095.0,10088.0
38098.0,9613.0
38101.0,9404.0
38104.0,9205.0
38106.0,9352.0
38107.0,9232.0
38110.0,9421.0
38113.0,9508.0
38115.0,10556.0
38116.0,8888.0
38117.0,10662.0
38118.0,11962.0
38120.0,16614.0
38121.0,17528.0
38122.0,16142.0
38123.0,14417.0
38124.0,16028.0
38126.0,9280.0
38127.0,8319.0
38128.0,6778.0
38129.0,9096.0
38139.0,3663.0
38198.0,23675.0
38224.0,10584.0
38250.0,19715.0
38252.0,19362.0
38253.0,17688.0
38254.0,19809.0
38269.0,9907.0
38276.0,9161.0
38287.0,9525.0
38289.0,11038.0
38290.0,8935.0
38291.0,10729.0
38295.0,17299.0
38296.0,15978.0
38297.0,14594.0
38298.0,15974.0
38300.0,9344.0
38301.0,8322.0
38302.0,6856.0
38303.0,9004.0
38307.0,6035.0
38360.0,21081.0
38392.0,11223.0
38424.0,19476.0
38426.0,19313.0
38427.0,16924.0
38428.0,19970.0
38448.0,9491.0
38456.0,9235.0
38457.0,9669.0
38461.0,9396.0
38463.0,10108.0
38464.0,9216.0
38469.0,17413.0
38471.0,14975.0
38472.0,13504.0
38473.0,11974.0
38474.0,14147.0
38477.0,8161.0
38478.0,6587.0
38479.0,8564.0
38486.0,4719.0
38545.0,21416.0
38572.0,10944.0
38599.0,19393.0
38600.0,19372.0
38601.0,19398.0
38602.0,19036.0
38603.0,16808.0
38604.0,19636.0
38605.0,19649.0
38619.0,10065.0
38637.0,9396.0
38639.0,10965.0
38640.0,8908.0
38641.0,10534.0
38645.0,17260.0
38646.0,16060.0
38647.0,14429.0
38648.0,16021.0
38650.0,9444.0
38651.0,8474.0
38652.0,6839.0
38653.0,9180.0
38660.0,4775.0
38716.0,22536.0
38745.0,11032.0
38774.0,19892.0
38776.0,19802.0
38777.0,17048.0
38778.0,19853.0
38793.0,9992.0
38809.0,9501.0
38813.0,10949.0
38814.0,8969.0
38815.0,10837.0
38819.0,17657.0
38820.0,16187.0
38821.0,14768.0
38822.0,16250.0
38825.0,8594.0
38826.0,6836.0
38827.0,9151.0
38839.0,1470.0
38900.0,23843.0
38924.0,10858.0
38949.0,19591.0
38950.0,19491.0
38951.0,18242.0
38952.0,19768.0
38965.0,10486.0
38984.0,9600.0
38987.0,11216.0
38988.0,9160.0
38989.0,10780.0
38993.0,17502.0
38994.0,16180.0
38995.0,14615.0
38996.0,16140.0
38998.0,9475.0
38999.0,8489.0
39000.0,6910.0
39001.0,9175.0
39010.0,3774.0
39069.0,21945.0
39096.0,11008.0
39110.0,11596.0
39115.0,11446.0
39124.0,19981.0
39125.0,17484.0
39126.0,19908.0
39140.0,10470.0
39158.0,9487.0
39161.0,11162.0
39162.0,9003.0
39163.0,10721.0
39167.0,17347.0
39168.0,16230.0
39169.0,14439.0
39170.0,16109.0
39172.0,9378.0
39173.0,8487.0
39174.0,6912.0
39175.0,9233.0
39182.0,4793.0
39238.0,21909.0
39267.0,10977.0
39297.0,20018.0
39298.0,19941.0
39299.0,17793.0
39300.0,19717.0
39312.0,10903.0
39324.0,9352.0
39335.0,11064.0
39336.0,8941.0
39337.0,10788.0
39341.0,17604.0
39342.0,16282.0
39343.0,14680.0
39344.0,16087.0
39347.0,8615.0
39348.0,6986.0
39349.0,9135.0
39366.0,1444.0
39432.0,21477.0
39451.0,10670.0
39471.0,19870.0
39472.0,19861.0
39473.0,17022.0
39474.0,19732.0
39475.0,19756.0
39485.0,11076.0
39497.0,9426.0
39509.0,11508.0
39510.0,9098.0
39511.0,10787.0
39512.0,12087.0
39515.0,17553.0
39518.0,15895.0
39520.0,9557.0
39521.0,8378.0
39522.0,6852.0
39523.0,9388.0
39528.0,5418.0
39581.0,25249.0
39612.0,11174.0
39643.0,20131.0
39644.0,20018.0
39646.0,20133.0
39647.0,17367.0
39648.0,19949.0
39662.0,10575.0
39679.0,9603.0
39683.0,11415.0
39684.0,8932.0
39685.0,10648.0
39686.0,12010.0
39689.0,17571.0
39690.0,16420.0
39691.0,14732.0
39692.0,16288.0
39694.0,9666.0
39695.0,8456.0
39696.0,7086.0
39697.0,9293.0
39701.0,6060.0
39755.0,25590.0
39786.0,11455.0
39817.0,20054.0
39818.0,20043.0
39819.0,20364.0
39820.0,20078.0
39821.0,17524.0
39822.0,19923.0
39847.0,9456.0
39863.0,17828.0
39864.0,16508.0
39865.0,14920.0
39866.0,16370.0
39868.0,9625.0
39869.0,8628.0
39870.0,7054.0
39871.0,9442.0
39876.0,5655.0
39931.0,25094.0
39961.0,11272.0
39992.0,20641.0
39994.0,20185.0
39995.0,17758.0
39996.0,20161.0
40016.0,9820.0
40029.0,9634.0
40031.0,10042.0
40032.0,9245.0
40037.0,17847.0
40038.0,16658.0
40039.0,14972.0
40040.0,16575.0
40043.0,8820.0
40044.0,7174.0
40045.0,9298.0
40053.0,4308.0
40111.0,24183.0
40139.0,11223.0
40167.0,20337.0
40168.0,20111.0
40169.0,17699.0
40170.0,20116.0
40174.0,16462.0
40177.0,13902.0
40181.0,11697.0
40185.0,10460.0
40188.0,10217.0
40191.0,9844.0
40194.0,9722.0
40197.0,9599.0
40198.0,9798.0
40200.0,9673.0
40201.0,9789.0
40203.0,9716.0
40206.0,8977.0
40207.0,10801.0
40208.0,12050.0
40210.0,16925.0
40211.0,17679.0
40212.0,16593.0
40213.0,15048.0
40214.0,16459.0
40216.0,9768.0
40217.0,8652.0
40218.0,7097.0
40219.0,9411.0
40225.0,4972.0
40280.0,23721.0
40310.0,11299.0
40340.0,20442.0
40341.0,20418.0
40342.0,20485.0
40343.0,17377.0
40344.0,20019.0
40367.0,9627.0
40379.0,10414.0
40380.0,9292.0
40385.0,17919.0
40388.0,16514.0
40390.0,9662.0
40391.0,8804.0
40392.0,7196.0
40393.0,9458.0
40397.0,6026.0
40451.0,25590.0
40482.0,11562.0
40514.0,20644.0
40515.0,20359.0
40516.0,20730.0
40517.0,17666.0
40518.0,20132.0
40537.0,9969.0
40554.0,9215.0
40559.0,17907.0
40560.0,16880.0
40561.0,15123.0
40562.0,16535.0
40564.0,9783.0
40565.0,8827.0
40566.0,7206.0
40567.0,9420.0
40575.0,4280.0
40632.0,25016.0
40660.0,11398.0
40688.0,20504.0
40689.0,20348.0
40690.0,20408.0
40691.0,17897.0
40692.0,20205.0
40715.0,9794.0
40733.0,17759.0
40734.0,16521.0
40735.0,15105.0
40736.0,16455.0
40738.0,9814.0
40739.0,8812.0
40740.0,7097.0
40741.0,9469.0
40751.0,1460.0
40811.0,23666.0
40837.0,11200.0
40863.0,20566.0
40864.0,20228.0
40865.0,18346.0
40866.0,20479.0
40888.0,9877.0
40907.0,17964.0
40908.0,16678.0
40909.0,15190.0
40910.0,16770.0
40912.0,9850.0
40913.0,8892.0
40914.0,7216.0
40915.0,9560.0
40926.0,1451.0
40987.0,25192.0
41012.0,11280.0
41037.0,20498.0
41038.0,20277.0
41039.0,18355.0
41040.0,20210.0
41044.0,16595.0
41047.0,13900.0
41050.0,12101.0
41054.0,10848.0
41057.0,10365.0
41060.0,10037.0
41063.0,9740.0
41066.0,9846.0
41069.0,9998.0
41070.0,9850.0
41072.0,9954.0
41075.0,10582.0
41076.0,9230.0
41077.0,11030.0
41078.0,12228.0
41080.0,17402.0
41081.0,18056.0
41082.0,16784.0
41083.0,15243.0
41084.0,16672.0
41086.0,10044.0
41087.0,8900.0
41088.0,7310.0
41089.0,9652.0
41092.0,6830.0
41145.0,26794.0
41178.0,11668.0
41211.0,20335.0
41212.0,20036.0
41213.0,17753.0
41214.0,20284.0
41226.0,11487.0
41250.0,9041.0
41255.0,17833.0
41258.0,16535.0
41261.0,8981.0
41262.0,7259.0
41263.0,9408.0
41268.0,5749.0
41323.0,24730.0
41353.0,11557.0
41384.0,20291.0
41386.0,19968.0
41387.0,17308.0
41388.0,20645.0
41409.0,10038.0
41424.0,9293.0
41429.0,17991.0
41430.0,17323.0
41431.0,15214.0
41432.0,16736.0
41434.0,9966.0
41435.0,8946.0
41436.0,7288.0
41437.0,9587.0
41444.0,4721.0
41500.0,22421.0
41530.0,11580.0
41531.0,11907.0
41532.0,11700.0
41551.0,12196.0
41560.0,20825.0
41561.0,18124.0
41562.0,20265.0
41582.0,10118.0
41603.0,18137.0
41604.0,16872.0
41605.0,15334.0
41606.0,16789.0
41608.0,9961.0
41609.0,8688.0
41610.0,7330.0
41611.0,9528.0
41621.0,1436.0
41635.0,1481.0
41642.0,1440.0
41666.0,1467.0
41669.0,1416.0
41675.0,1468.0
41681.0,1428.0
41685.0,1473.0
41688.0,1429.0
41691.0,1465.0
41703.0,1428.0
41708.0,1479.0
41711.0,1432.0
41722.0,1457.0
41723.0,22097.0
41724.0,17125.0
41725.0,14460.0
41726.0,16367.0
41727.0,16478.0
41728.0,15773.0
41729.0,16214.0
41730.0,17020.0
41731.0,17810.0
41732.0,18024.0
41734.0,18518.0
41735.0,17598.0
41736.0,19890.0
41770.0,11745.0
41771.0,11608.0
41772.0,9164.0
41773.0,10696.0
41774.0,12147.0
41777.0,17393.0
41780.0,16108.0
41782.0,9604.0
41783.0,8651.0
41784.0,7121.0
41785.0,9392.0
41793.0,1461.0
41850.0,24541.0
41878.0,11530.0
41907.0,20965.0
41908.0,20836.0
41909.0,18881.0
41910.0,20252.0
41923.0,11378.0
41935.0,9950.0
41945.0,11800.0
41946.0,9249.0
41947.0,10968.0
41948.0,12398.0
41951.0,18200.0
41954.0,16530.0
41956.0,9872.0
41957.0,8877.0
41958.0,7298.0
41959.0,9959.0
41967.0,1444.0
41968.0,1474.0
41974.0,1424.0
41975.0,1478.0
41980.0,1425.0
41981.0,1472.0
41982.0,1437.0
41999.0,1465.0
42000.0,1426.0
42091.0,21525.0
42115.0,11422.0
42119.0,11530.0
42120.0,8767.0
42121.0,10483.0
42122.0,11869.0
42124.0,16827.0
42126.0,15723.0
42127.0,14351.0
42128.0,15793.0
42130.0,9604.0
42131.0,8727.0
42132.0,7145.0
42133.0,9443.0
42141.0,1423.0
42192.0,25631.0
42223.0,11986.0
42254.0,21456.0
42255.0,21193.0
42256.0,21259.0
42257.0,17759.0
42258.0,20324.0
42270.0,11648.0
42283.0,9957.0
42293.0,12060.0
42294.0,9346.0
42295.0,10787.0
42296.0,12093.0
42299.0,18198.0
42302.0,16727.0
42304.0,10082.0
42305.0,9041.0
42306.0,7393.0
42307.0,9978.0
42319.0,1448.0
42381.0,26141.0
42404.0,11463.0
42428.0,21014.0
42429.0,20963.0
42430.0,21285.0
42431.0,17540.0
42432.0,20455.0
42452.0,10340.0
42467.0,12134.0
42468.0,9446.0
42469.0,10967.0
42470.0,12245.0
42473.0,18353.0
42476.0,16666.0
42478.0,10107.0
42479.0,9073.0
42480.0,7464.0
42481.0,9888.0
42489.0,1476.0
42502.0,1418.0
42507.0,1456.0
42541.0,24496.0
42571.0,12026.0
42602.0,21427.0
42603.0,21370.0
42604.0,21633.0
42605.0,18108.0
42606.0,20481.0
42607.0,20597.0
42627.0,10324.0
42647.0,18355.0
42650.0,16936.0
42653.0,9273.0
42654.0,7385.0
42655.0,9708.0
42680.0,1453.0
42713.0,27427.0
42745.0,11953.0
42777.0,20884.0
42778.0,20833.0
42779.0,18773.0
42780.0,20612.0
42800.0,10479.0
42821.0,18339.0
42824.0,17120.0
42827.0,9376.0
42828.0,7443.0
42829.0,9709.0
42838.0,1467.0
42853.0,1418.0
42861.0,1444.0
42901.0,26534.0
42925.0,11525.0
42950.0,21263.0
42951.0,21213.0
42952.0,21372.0
42953.0,18166.0
42954.0,20627.0
42974.0,10535.0
42995.0,18542.0
42996.0,17312.0
42997.0,15589.0
42998.0,17021.0
43001.0,9304.0
43002.0,7411.0
43003.0,9912.0
43011.0,1432.0
43027.0,1483.0
43029.0,1422.0
43064.0,23495.0
43094.0,12151.0
43125.0,21299.0
43126.0,21075.0
43127.0,17646.0
43128.0,20610.0
43140.0,12003.0
43164.0,9381.0
43169.0,18242.0
43170.0,17404.0
43171.0,15790.0
43172.0,17183.0
43175.0,9405.0
43176.0,7508.0
43177.0,9928.0
43182.0,5802.0
43236.0,23647.0
43268.0,12217.0
43288.0,12773.0
43291.0,12472.0
43300.0,20891.0
43301.0,17466.0
43302.0,20843.0
43322.0,10637.0
43343.0,18476.0
43346.0,17114.0
43348.0,10151.0
43349.0,9387.0
43350.0,7515.0
43351.0,10109.0
43360.0,1463.0
43369.0,1422.0
43371.0,1470.0
43381.0,1440.0
43419.0,24803.0
43446.0,12096.0
43465.0,12434.0
43474.0,21717.0
43475.0,18088.0
43476.0,20657.0
43496.0,10572.0
43517.0,18613.0
43518.0,17434.0
43519.0,15626.0
43520.0,17128.0
43522.0,10167.0
43523.0,9340.0
43524.0,7529.0
43525.0,9980.0
43550.0,1421.0
43584.0,25236.0
43615.0,12289.0
43646.0,21482.0
43648.0,20991.0
43649.0,17801.0
43650.0,20856.0
43670.0,10733.0
43691.0,18409.0
43694.0,17078.0
43696.0,10232.0
43697.0,9262.0
43698.0,7674.0
43699.0,10163.0
43708.0,1459.0
43717.0,1480.0
43731.0,1440.0
43772.0,26694.0
43797.0,11841.0
43813.0,12344.0
43822.0,21381.0
43823.0,18299.0
43824.0,20896.0
43844.0,10729.0
43865.0,18398.0
43866.0,17482.0
43867.0,15759.0
43868.0,17472.0
43871.0,9456.0
43872.0,7550.0
43873.0,10026.0
43897.0,1451.0
43930.0,28148.0
43962.0,12140.0
43994.0,21443.0
43996.0,21351.0
43997.0,18052.0
43998.0,20843.0
44018.0,10701.0
44039.0,18655.0
44040.0,17547.0
44041.0,15849.0
44042.0,17528.0
44044.0,10330.0
44045.0,9487.0
44046.0,7514.0
44047.0,10161.0
44056.0,1447.0
44064.0,1467.0
44066.0,1431.0
44069.0,1469.0
44074.0,1439.0
44110.0,27066.0
44139.0,12201.0
44168.0,22071.0
44170.0,21917.0
44171.0,19133.0
44172.0,20900.0
44192.0,10777.0
44213.0,18570.0
44214.0,17585.0
44215.0,16069.0
44216.0,17589.0
44218.0,10186.0
44219.0,9385.0
44220.0,7768.0
44221.0,10215.0
44229.0,1403.0
44230.0,1467.0
44238.0,1442.0
44241.0,1486.0
44247.0,1435.0
44282.0,27595.0
44312.0,12297.0
44342.0,21268.0
44343.0,21224.0
44344.0,21226.0
44345.0,18054.0
44346.0,21010.0
44366.0,10824.0
44387.0,18601.0
44388.0,17559.0
44389.0,16106.0
44390.0,17569.0
44393.0,9697.0
44394.0,7587.0
44395.0,10184.0
44403.0,1428.0
44412.0,1475.0
44421.0,1454.0
44455.0,25292.0
44485.0,12349.0
44516.0,21502.0
44517.0,21460.0
44518.0,21709.0
44519.0,17867.0
44520.0,21349.0
44540.0,10862.0
44561.0,18928.0
44562.0,17795.0
44563.0,16210.0
44564.0,17577.0
44567.0,9717.0
44568.0,7668.0
44569.0,10245.0
44577.0,1457.0
44591.0,1440.0
44597.0,1474.0
44634.0,24788.0
44662.0,12203.0
44691.0,21618.0
44692.0,21352.0
44693.0,19107.0
44694.0,21091.0
44714.0,10948.0
44735.0,18838.0
44738.0,17395.0
44741.0,9630.0
44742.0,7677.0
44743.0,10203.0
44751.0,1428.0
44768.0,1467.0
44801.0,27904.0
44833.0,12538.0
44865.0,22170.0
44866.0,22135.0
44867.0,17657.0
44868.0,20911.0
44888.0,11086.0
44909.0,18607.0
44910.0,17801.0
44911.0,16126.0
44912.0,17490.0
44915.0,9740.0
44916.0,7765.0
44917.0,10218.0
44925.0,1439.0
44936.0,1467.0
44947.0,1425.0
44949.0,1453.0
44990.0,23727.0
45015.0,12172.0
45031.0,12706.0
45040.0,22168.0
45041.0,18908.0
45042.0,21258.0
45062.0,10888.0
45083.0,18866.0
45084.0,17839.0
45085.0,16101.0
45086.0,17592.0
45088.0,10607.0
45089.0,9633.0
45090.0,7692.0
45091.0,10393.0
45099.0,1458.0
45109.0,1428.0
45111.0,1476.0
45122.0,1450.0
45161.0,26837.0
45187.0,12162.0
45213.0,22043.0
45214.0,21952.0
45215.0,18116.0
45216.0,21154.0
45236.0,11059.0
45257.0,18955.0
45258.0,18067.0
45259.0,16325.0
45260.0,17863.0
45262.0,10638.0
45263.0,9663.0
45264.0,7844.0
45265.0,10457.0
45273.0,1466.0
45282.0,1436.0
45292.0,1469.0
45328.0,26316.0
45357.0,12685.0
45387.0,22095.0
45388.0,21800.0
45389.0,19281.0
45390.0,21209.0
45410.0,11062.0
45431.0,18807.0
45432.0,17966.0
45433.0,16403.0
45434.0,17887.0
45436.0,10494.0
45437.0,9575.0
45438.0,7814.0
45439.0,10521.0
45447.0,1469.0
45453.0,1423.0
45464.0,1476.0
45498.0,24601.0
45529.0,12756.0
45561.0,22052.0
45562.0,21810.0
45563.0,18148.0
45564.0,21235.0
45584.0,11100.0
45605.0,19200.0
45608.0,17725.0
45611.0,9906.0
45612.0,7799.0
45613.0,10426.0
45621.0,1432.0
45624.0,1487.0
45643.0,1420.0
45649.0,1468.0
45654.0,1420.0
45679.0,1471.0
45682.0,1400.0
45686.0,1458.0
45768.0,25625.0
45770.0,14518.0
45771.0,13255.0
45772.0,13377.0
45773.0,12376.0
45774.0,8635.0
45775.0,10108.0
45776.0,11604.0
45777.0,14624.0
45778.0,16278.0
45779.0,15771.0
45780.0,14783.0
45781.0,13657.0
45782.0,15277.0
45785.0,8329.0
45786.0,6932.0
45787.0,8694.0
45812.0,1468.0
45857.0,28274.0
45882.0,12262.0
45908.0,22268.0
45910.0,22171.0
45911.0,18553.0
45912.0,21299.0
45916.0,17511.0
45917.0,16470.0
45918.0,15745.0
45920.0,14920.0
45922.0,13510.0
45925.0,12506.0
45928.0,11757.0
45931.0,11178.0
45932.0,11143.0
45934.0,11020.0
45937.0,10814.0
45939.0,10616.0
45940.0,10835.0
45941.0,10727.0
45943.0,10823.0
45946.0,11058.0
45948.0,9578.0
45949.0,10934.0
45950.0,12426.0
45951.0,14054.0
45952.0,18011.0
45953.0,18771.0
45954.0,17815.0
45955.0,16250.0
45956.0,17680.0
45958.0,10514.0
45959.0,9466.0
45960.0,7843.0
45961.0,10672.0
45967.0,1460.0
45971.0,1425.0
45975.0,1485.0
45980.0,1426.0
45984.0,1470.0
45994.0,1426.0
46012.0,1479.0
46013.0,1427.0
46022.0,1457.0
46091.0,23000.0
46094.0,16457.0
46096.0,14068.0
46099.0,11889.0
46102.0,10903.0
46104.0,10365.0
46107.0,10096.0
46110.0,10350.0
46113.0,10685.0
46116.0,11920.0
46119.0,12469.0
46122.0,9262.0
46123.0,11007.0
46124.0,12297.0
46126.0,17622.0
46127.0,17902.0
46128.0,16786.0
46129.0,15324.0
46130.0,16788.0
46132.0,10255.0
46133.0,9180.0
46134.0,7598.0
46135.0,10239.0
46143.0,1466.0
46196.0,25789.0
46226.0,12648.0
46256.0,22843.0
46258.0,22480.0
46259.0,19464.0
46260.0,21013.0
46264.0,17472.0
46268.0,14996.0
46272.0,12768.0
46277.0,11672.0
46279.0,11312.0
46280.0,11150.0
46281.0,11056.0
46282.0,11164.0
46285.0,10744.0
46288.0,10972.0
46291.0,10868.0
46294.0,10981.0
46296.0,9731.0
46297.0,11441.0
46298.0,12545.0
46299.0,14194.0
46300.0,18332.0
46301.0,19108.0
46304.0,17779.0
46306.0,10709.0
46307.0,9817.0
46308.0,7796.0
46309.0,10651.0
46315.0,1448.0
46324.0,1472.0
46326.0,1431.0
46336.0,1469.0
46337.0,1429.0
46344.0,1461.0
46387.0,28330.0
46409.0,12271.0
46431.0,22572.0
46432.0,22555.0
46433.0,18694.0
46434.0,21065.0
46438.0,17510.0
46442.0,14945.0
46446.0,12975.0
46451.0,11576.0
46453.0,11401.0
46454.0,11266.0
46456.0,11085.0
46459.0,10797.0
46462.0,10924.0
46465.0,10684.0
46468.0,10773.0
46470.0,9735.0
46471.0,11209.0
46472.0,12410.0
46473.0,14132.0
46474.0,18067.0
46475.0,19017.0
46476.0,17824.0
46477.0,16159.0
46478.0,17660.0
46480.0,10464.0
46481.0,9692.0
46482.0,7949.0
46483.0,10487.0
46489.0,1460.0
46499.0,1424.0
46509.0,1453.0
46543.0,25812.0
46573.0,13042.0
46604.0,22750.0
46605.0,22644.0
46606.0,22716.0
46607.0,18877.0
46608.0,21397.0
46628.0,11480.0
46649.0,19321.0
46650.0,18488.0
46651.0,16476.0
46652.0,17861.0
46654.0,10477.0
46655.0,9702.0
46656.0,7949.0
46657.0,10673.0
46664.0,1471.0
46683.0,1429.0
46717.0,26684.0
46747.0,12578.0
46778.0,22919.0
46780.0,22579.0
46781.0,19136.0
46782.0,21072.0
46802.0,11352.0
46823.0,19143.0
46824.0,18237.0
46825.0,16545.0
46826.0,18192.0
46828.0,10804.0
46829.0,9870.0
46830.0,7841.0
46831.0,10709.0
46838.0,1444.0
46851.0,1467.0
46857.0,1427.0
46866.0,1470.0
46868.0,1432.0
46875.0,1468.0
46927.0,27509.0
46940.0,11686.0
46953.0,21739.0
46954.0,21729.0
46955.0,17846.0
46956.0,21192.0
46976.0,11254.0
46997.0,18911.0
47000.0,17648.0
47003.0,9836.0
47004.0,7678.0
47005.0,10469.0
47012.0,1443.0
47023.0,1462.0
47025.0,1413.0
47039.0,1469.0
47057.0,1429.0
47059.0,1472.0
47074.0,1422.0
47079.0,1472.0
47082.0,1422.0
47094.0,1478.0
47096.0,1428.0
47103.0,1471.0
47133.0,1425.0
47137.0,1487.0
47151.0,1414.0
47174.0,1479.0
47175.0,1434.0
47183.0,1464.0
47194.0,1427.0
47195.0,1460.0
47199.0,1424.0
47212.0,1471.0
47220.0,1421.0
47225.0,1469.0
47248.0,1431.0
47249.0,1470.0
47254.0,1432.0
47274.0,1472.0
47276.0,1433.0
47281.0,1488.0
47287.0,1427.0
47302.0,1474.0
47319.0,1423.0
47323.0,1465.0
47338.0,1430.0
47351.0,1473.0
47354.0,1426.0
47355.0,1481.0
47358.0,1434.0
47372.0,1470.0
47392.0,1426.0
47401.0,1476.0
47420.0,1424.0
47444.0,1481.0
47452.0,1421.0
47464.0,1472.0
47467.0,1426.0
47486.0,1465.0
47492.0,1421.0
47498.0,1471.0
47505.0,1431.0
47508.0,1476.0
47525.0,1417.0
47547.0,1483.0
47553.0,1434.0
47558.0,1474.0
47566.0,1430.0
47568.0,1467.0
47573.0,1436.0
47575.0,1476.0
47589.0,1437.0
47590.0,1468.0
47592.0,1421.0
47611.0,1481.0
47627.0,1416.0
47635.0,1473.0
47648.0,1437.0
47653.0,1475.0
47654.0,1422.0
47655.0,1480.0
47658.0,1423.0
47666.0,1476.0
47681.0,1440.0
47689.0,1482.0
47709.0,1425.0
47713.0,1485.0
47719.0,1427.0
47738.0,1481.0
47756.0,1424.0
47775.0,1483.0
47785.0,1426.0
47790.0,1475.0
47818.0,1425.0
47825.0,1473.0
47831.0,1410.0
47844.0,1474.0
47852.0,1422.0
47853.0,1463.0
47865.0,1423.0
47878.0,1470.0
47885.0,1431.0
47890.0,1470.0
47894.0,1442.0
47902.0,1472.0
47909.0,1454.0
48821.0,1440.0
48822.0,27441.0
48845.0,10837.0
48853.0,11367.0
48858.0,11195.0
48868.0,21201.0
48869.0,18533.0
48870.0,20970.0
48882.0,11754.0
48892.0,10525.0
48901.0,12934.0
48903.0,12980.0
48905.0,12945.0
48906.0,9563.0
48907.0,11066.0
48908.0,12419.0
48911.0,17854.0
48925.0,7142.0
49208.0,3272.0
49330.0,4502.0
49339.0,3348.0
49352.0,4289.0
49383.0,3339.0
49393.0,4095.0
49399.0,3358.0
49412.0,3918.0
49501.0,3295.0
49550.0,3678.0
49787.0,3109.0
49845.0,3630.0
49868.0,3016.0
50005.0,3567.0
50047.0,2968.0
50095.0,3549.0
50168.0,2918.0
50265.0,3524.0
50288.0,2896.0
50305.0,3521.0
50388.0,2865.0
50405.0,3534.0
50432.0,2848.0
50465.0,3513.0
50533.0,2833.0
50545.0,3483.0
50574.0,2756.0
50715.0,3425.0
50752.0,2692.0
50887.0,3462.0
50891.0,2686.0
50907.0,3449.0
50991.0,2632.0
51127.0,3346.0
51195.0,2534.0
51207.0,3340.0
51215.0,2524.0
51287.0,3317.0
51315.0,2522.0
51367.0,3358.0
51494.0,2446.0
51507.0,3300.0
51516.0,2439.0
51567.0,3313.0
51714.0,2376.0
51727.0,3292.0
51733.0,2416.0
51859.0,3242.0
51996.0,2350.0
51999.0,3237.0
52156.0,2293.0
52187.0,3230.0
52195.0,2297.0
52207.0,3264.0
52212.0,2336.0
52287.0,3248.0
52395.0,2256.0
52442.0,3193.0
52457.0,2271.0
52528.0,3180.0
52556.0,2246.0
52560.0,3092.0
52635.0,2251.0
52729.0,3138.0
52736.0,2238.0
52740.0,3097.0
52818.0,2206.0
52909.0,3113.0
53078.0,2189.0
53083.0,3116.0
53116.0,2196.0
53128.0,3143.0
53134.0,2217.0
53149.0,3097.0
53236.0,2166.0
53249.0,3091.0
53296.0,2166.0
53303.0,3048.0
53355.0,2160.0
53502.0,3036.0
53518.0,2153.0
53528.0,3044.0
53538.0,2143.0
53681.0,3059.0
53716.0,2097.0
53727.0,3048.0
53778.0,2133.0
53784.0,3041.0
53796.0,2147.0
53824.0,3052.0
53859.0,2705.0
54061.0,2946.0
54089.0,2297.0
54093.0,3090.0
54110.0,2241.0
54114.0,3095.0
54130.0,2212.0
54136.0,3103.0
54150.0,2180.0
54253.0,3064.0
54309.0,2150.0
54315.0,3080.0
54328.0,2143.0
54398.0,3055.0
54405.0,2129.0
54437.0,3041.0
54450.0,2099.0
54456.0,3036.0
54467.0,2111.0
54473.0,3028.0
54627.0,2134.0
54636.0,3038.0
54648.0,2115.0
54718.0,3027.0
54848.0,2113.0
54859.0,3025.0
54909.0,2102.0
54916.0,3040.0
54929.0,2108.0
55080.0,3031.0
55087.0,2083.0
55113.0,3019.0
55130.0,2110.0
55156.0,2982.0
55168.0,2078.0
55172.0,2976.0
55230.0,2067.0
55377.0,2975.0
55387.0,2062.0
55397.0,2969.0
55409.0,2118.0
55414.0,3001.0
55430.0,2060.0
55474.0,2966.0
55629.0,2077.0
55633.0,2979.0
55667.0,2051.0
55680.0,2984.0
55749.0,2084.0
55756.0,3018.0
55868.0,2041.0
55916.0,3011.0
55926.0,2080.0
55958.0,2992.0
55968.0,2082.0
56038.0,2990.0
56049.0,2068.0
56173.0,2986.0
56289.0,2089.0
56297.0,2992.0
56306.0,2054.0
56338.0,2980.0
56488.0,2064.0
56553.0,3001.0
56565.0,2062.0
56595.0,2951.0
56606.0,2088.0
56718.0,2964.0
56787.0,2087.0
56796.0,2983.0
56849.0,2036.0
56854.0,2944.0
56908.0,2033.0
56913.0,2914.0
56948.0,2070.0
56955.0,2941.0
57028.0,2057.0
57157.0,2874.0
57167.0,2047.0
57274.0,2939.0
57287.0,2016.0
57314.0,2968.0
57327.0,2035.0
57337.0,2931.0
57369.0,2034.0
57527.0,2949.0
57735.0,2608.0
57940.0,2740.0
58042.0,2441.0
58100.0,2632.0
59042.0,2043.0
62015.0,1669.0
